<api>
<package name="de.noXi.leeeffect"
>
<class name="MainActivity"
 extends="android.app.Activity"
 abstract="false"
 static="false"
 final="false"
 deprecated="not deprecated"
 visibility="public"
>
<constructor name="MainActivity"
 type="de.noXi.leeeffect.MainActivity"
 static="false"
 final="false"
 deprecated="not deprecated"
 visibility="public"
>
</constructor>
<method name="startThread"
 return="void"
 abstract="false"
 native="false"
 synchronized="false"
 static="false"
 final="false"
 deprecated="not deprecated"
 visibility=""
>
</method>
<method name="stopThread"
 return="void"
 abstract="false"
 native="false"
 synchronized="false"
 static="false"
 final="false"
 deprecated="not deprecated"
 visibility=""
>
</method>
<method name="updateText"
 return="void"
 abstract="false"
 native="false"
 synchronized="false"
 static="false"
 final="false"
 deprecated="not deprecated"
 visibility=""
>
</method>
<field name="BITRATE"
 type="int"
 transient="false"
 volatile="false"
 value="11025"
 static="true"
 final="true"
 deprecated="not deprecated"
 visibility="private"
>
</field>
<field name="BITRATE_ID"
 type="java.lang.String"
 transient="false"
 volatile="false"
 value="&quot;Bitrate&quot;"
 static="true"
 final="true"
 deprecated="not deprecated"
 visibility="private"
>
</field>
<field name="DB_NAME"
 type="java.lang.String"
 transient="false"
 volatile="false"
 value="&quot;LeeEffectDB&quot;"
 static="true"
 final="true"
 deprecated="not deprecated"
 visibility="private"
>
</field>
<field name="ENCODING"
 type="int"
 transient="false"
 volatile="false"
 value="2"
 static="true"
 final="true"
 deprecated="not deprecated"
 visibility="private"
>
</field>
<field name="ISRECORDING_ID"
 type="java.lang.String"
 transient="false"
 volatile="false"
 value="&quot;isRecording&quot;"
 static="true"
 final="true"
 deprecated="not deprecated"
 visibility="private"
>
</field>
<field name="audioBytesBuffer"
 type="byte[]"
 transient="false"
 volatile="false"
 value="null"
 static="false"
 final="false"
 deprecated="not deprecated"
 visibility="private"
>
</field>
<field name="audioBytesBufferSize"
 type="int"
 transient="false"
 volatile="false"
 static="false"
 final="false"
 deprecated="not deprecated"
 visibility="private"
>
</field>
<field name="audioBytesBufferSizeMin"
 type="int"
 transient="false"
 volatile="false"
 static="false"
 final="false"
 deprecated="not deprecated"
 visibility="private"
>
</field>
<field name="audioDelayProgress"
 type="int"
 transient="false"
 volatile="false"
 static="false"
 final="false"
 deprecated="not deprecated"
 visibility="private"
>
</field>
<field name="audioThread"
 type="java.lang.Thread"
 transient="false"
 volatile="false"
 static="false"
 final="false"
 deprecated="not deprecated"
 visibility="private"
>
</field>
<field name="delayTextView"
 type="android.widget.TextView"
 transient="false"
 volatile="false"
 static="false"
 final="false"
 deprecated="not deprecated"
 visibility="private"
>
</field>
<field name="isRecording"
 type="java.lang.Boolean"
 transient="false"
 volatile="false"
 static="false"
 final="false"
 deprecated="not deprecated"
 visibility="private"
>
</field>
<field name="startStopButton"
 type="android.widget.ToggleButton"
 transient="false"
 volatile="false"
 static="false"
 final="false"
 deprecated="not deprecated"
 visibility="private"
>
</field>
</class>
<class name="VisualizerView"
 extends="android.view.View"
 abstract="false"
 static="false"
 final="false"
 deprecated="not deprecated"
 visibility="public"
>
<constructor name="VisualizerView"
 type="de.noXi.leeeffect.VisualizerView"
 static="false"
 final="false"
 deprecated="not deprecated"
 visibility="public"
>
<parameter name="context" type="android.content.Context">
</parameter>
<parameter name="attrs" type="android.util.AttributeSet">
</parameter>
</constructor>
<method name="initDraw"
 return="void"
 abstract="false"
 native="false"
 synchronized="false"
 static="false"
 final="false"
 deprecated="not deprecated"
 visibility="private"
>
</method>
<method name="initVisualizer"
 return="void"
 abstract="false"
 native="false"
 synchronized="false"
 static="false"
 final="false"
 deprecated="not deprecated"
 visibility="private"
>
</method>
<method name="updateVisualizer"
 return="void"
 abstract="false"
 native="false"
 synchronized="false"
 static="false"
 final="false"
 deprecated="not deprecated"
 visibility="public"
>
<parameter name="bytes" type="byte[]">
</parameter>
</method>
<field name="backPaint"
 type="android.graphics.Paint"
 transient="false"
 volatile="false"
 static="false"
 final="false"
 deprecated="not deprecated"
 visibility="private"
>
</field>
<field name="bytes"
 type="byte[]"
 transient="false"
 volatile="false"
 value="null"
 static="false"
 final="false"
 deprecated="not deprecated"
 visibility="private"
>
</field>
<field name="forePaint"
 type="android.graphics.Paint"
 transient="false"
 volatile="false"
 static="false"
 final="false"
 deprecated="not deprecated"
 visibility="private"
>
</field>
<field name="points"
 type="float[]"
 transient="false"
 volatile="false"
 value="null"
 static="false"
 final="false"
 deprecated="not deprecated"
 visibility="private"
>
</field>
<field name="rect"
 type="android.graphics.Rect"
 transient="false"
 volatile="false"
 static="false"
 final="false"
 deprecated="not deprecated"
 visibility="private"
>
</field>
<field name="visualizer"
 type="android.media.audiofx.Visualizer"
 transient="false"
 volatile="false"
 static="false"
 final="false"
 deprecated="not deprecated"
 visibility="private"
>
</field>
</class>
</package>
</api>
